UF,REGIAO,Município,Total Leitos,População,Razão Leitos/Mil,Leitos Ideais,Déficit Leitos,Percentual Cobertura,Nível Alerta,Cor Alerta
SP,METROPOLITANA,São Paulo,379326,23809922,62.769021896732625,23809.922,-355516.078,6043.2039330494235,VERDE (NORMAL),VERDE
SP,CAMPINAS,Campinas,36874,1187974,32.21711775234583,1187.974,-35686.026,1144.5468301494814,VERDE (NORMAL),VERDE
SP,ARACATUBA,São José do Rio Preto,29572,504166,17.04876234275666,504.166,-29067.834,1734.5540635425634,VERDE (NORMAL),VERDE
SP,RIBEIRAO PRETO,Ribeirão Preto,28751,731639,25.447427915550765,731.639,-28019.361,1129.8194888462751,VERDE (NORMAL),VERDE
SP,METROPOLITANA,Guarulhos,25745,1349100,52.402408234608664,1349.1,-24395.9,491.29421466162626,VERDE (NORMAL),VERDE
SP,SOROCABA,Sorocaba,22715,762172,33.55368699097512,762.172,-21952.828,676.9747839070446,VERDE (NORMAL),VERDE
SP,METROPOLITANA,São Bernardo do Campo,20417,841154,41.19870695988637,841.154,-19575.846,495.57380574781786,VERDE (NORMAL),VERDE
SP,VALE DO PARAIBA,São José dos Campos,20131,727078,36.11733147881377,727.078,-19403.922,557.3778342901312,VERDE (NORMAL),VERDE
SP,Litoral,Santos,19726,429547,21.775676771773295,429.547,-19296.453,905.8731081814096,VERDE (NORMAL),VERDE
SP,METROPOLITANA,Santo André,17952,782048,43.563279857397504,782.048,-17169.952,412.09018372273823,VERDE (NORMAL),VERDE
SP,BAURU,Bauru,14743,392947,26.653123516244996,392.947,-14350.053,553.1434239223101,VERDE (NORMAL),VERDE
SP,BAURU,Presidente Prudente,13974,234706,16.79590668384142,234.706,-13739.294,831.9884280759759,VERDE (NORMAL),VERDE
SP,BAURU,Marília,12555,247348,19.70115491835922,247.348,-12307.652,637.2722843928393,VERDE (NORMAL),VERDE
SP,METROPOLITANA,Osasco,12564,759524,60.45240369309137,759.524,-11804.476,207.83292693845092,VERDE (NORMAL),VERDE
SP,CAMPINAS,Jundiaí,12216,463039,37.90430582842174,463.039,-11752.961,322.2852848248204,VERDE (NORMAL),VERDE
SP,METROPOLITANA,Mogi das Cruzes,12044,470302,39.04865493191631,470.302,-11573.698,308.43572002670624,VERDE (NORMAL),VERDE
SP,ARARAQUARA,Jaú,10866,137409,12.645775814467145,137.409,-10728.591,859.2592624937231,VERDE (NORMAL),VERDE
SP,METROPOLITANA,São Caetano do Sul,10268,172693,16.818562524347488,172.693,-10095.307,610.5159097357739,VERDE (NORMAL),VERDE
SP,SOROCABA,Botucatu,10110,151053,14.940949554896143,151.053,-9958.947,676.6638199837143,VERDE (NORMAL),VERDE
SP,ARARAQUARA,Piracicaba,10296,440835,42.81614219114219,440.835,-9855.165,240.47005342134813,VERDE (NORMAL),VERDE
SP,METROPOLITANA,Barueri,9898,333737,33.71761972115579,333.737,-9564.263,293.5557160278902,VERDE (NORMAL),VERDE
SP,CAMPINAS,Itapira,8483,74038,8.727808558293058,74.038,-8408.962,971.9507415111158,VERDE (NORMAL),VERDE
SP,RIBEIRAO PRETO,Franca,7988,365494,45.75538307461192,365.494,-7622.506,174.58055125391934,VERDE (NORMAL),VERDE
SP,RIBEIRAO PRETO,Barretos,7734,126957,16.41543832428239,126.957,-7607.043,471.14185117795785,VERDE (NORMAL),VERDE
SP,ARACATUBA,Catanduva,7254,119275,16.442652329749105,119.275,-7134.725,441.16970027247953,VERDE (NORMAL),VERDE
SP,METROPOLITANA,Diadema,7494,403579,53.85361622631439,403.579,-7090.421,139.15500063184655,VERDE (NORMAL),VERDE
SP,VALE DO PARAIBA,Taubaté,6774,322397,47.59329790374963,322.397,-6451.603,142.3309646181571,VERDE (NORMAL),VERDE
SP,METROPOLITANA,Taboão da Serra,6400,285307,44.57921875,285.307,-6114.693,143.56465141058578,VERDE (NORMAL),VERDE
SP,SOROCABA,Itu,6234,175047,28.079403272377284,175.047,-6058.953,222.0132650088262,VERDE (NORMAL),VERDE
SP,CAMPINAS,Espírito Santo do Pinhal,6088,40610,6.6704993429697765,40.61,-6047.39,912.67530164984,VERDE (NORMAL),VERDE
SP,ARACATUBA,Araçatuba,6078,208415,34.290062520565975,208.415,-5869.585,177.25252021207686,VERDE (NORMAL),VERDE
SP,METROPOLITANA,Itapecerica da Serra,5916,163003,27.55290736984449,163.003,-5752.997,214.7141831745428,VERDE (NORMAL),VERDE
SP,Litoral,Guarujá,5982,294871,49.2930458040789,294.871,-5687.129,121.35586069840711,VERDE (NORMAL),VERDE
SP,ARARAQUARA,Araraquara,5740,253474,44.159233449477355,253.474,-5486.526,129.98414038520716,VERDE (NORMAL),VERDE
SP,ARARAQUARA,São Carlos,5670,266427,46.98888888888889,266.427,-5403.573,120.66682430834713,VERDE (NORMAL),VERDE
SP,METROPOLITANA,Mauá,5694,429014,75.34492448191078,429.014,-5264.986,75.57244285734265,VERDE (NORMAL),VERDE
SP,CAMPINAS,Limeira,5562,301292,54.16972312117943,301.292,-5260.708,102.6772831671601,VERDE (NORMAL),VERDE
SP,Litoral,Caraguatatuba,5065,142248,28.084501480750248,142.248,-4922.752,180.34858135088015,VERDE (NORMAL),VERDE
SP,Litoral,Praia Grande,5238,368539,70.35872470408553,368.539,-4869.461,74.44705716355664,VERDE (NORMAL),VERDE
SP,ARARAQUARA,Rio Claro,5013,210323,41.95551565928586,210.323,-4802.677,119.48369412760373,VERDE (NORMAL),VERDE
SP,CAMPINAS,Indaiatuba,5064,269657,53.24980252764613,269.657,-4794.343,95.0989442143167,VERDE (NORMAL),VERDE
SP,VALE DO PARAIBA,Jacareí,5015,250952,50.04027916251246,250.952,-4764.048,100.2192650387325,VERDE (NORMAL),VERDE
SP,BAURU,Tupã,4704,65433,13.910076530612244,65.433,-4638.567,338.1721149878502,VERDE (NORMAL),VERDE
SP,VALE DO PARAIBA,Guaratinguetá,4704,121916,25.917517006802722,121.916,-4582.084,181.49886807309952,VERDE (NORMAL),VERDE
SP,METROPOLITANA,Itapevi,4751,242995,51.14607451062934,242.995,-4508.005,92.89080433753782,VERDE (NORMAL),VERDE
SP,CAMPINAS,Americana,4614,247571,53.656480277416556,247.571,-4366.429,85.99147719240138,VERDE (NORMAL),VERDE
SP,METROPOLITANA,Cotia,4625,289493,62.59308108108108,289.493,-4335.507,73.88995588839799,VERDE (NORMAL),VERDE
SP,CAMPINAS,Bragança Paulista,4430,185688,41.91602708803612,185.688,-4244.312,105.68749730731119,VERDE (NORMAL),VERDE
SP,ARARAQUARA,Araras,4288,135744,31.65671641791045,135.744,-4152.256,135.45308816595946,VERDE (NORMAL),VERDE
SP,VALE DO PARAIBA,Pindamonhangaba,4232,172681,40.803638941398866,172.681,-4059.319,103.71623977160198,VERDE (NORMAL),VERDE
SP,METROPOLITANA,Suzano,4376,320261,73.18578610603291,320.261,-4055.739,59.79303130883873,VERDE (NORMAL),VERDE
SP,BAURU,Lins,4078,76844,18.84355076017656,76.844,-4001.156,216.413565144969,VERDE (NORMAL),VERDE
SP,CAMPINAS,Amparo,3855,69792,18.104280155642023,69.792,-3785.208,212.93307255845943,VERDE (NORMAL),VERDE
SP,CAMPINAS,Mogi Guaçu,3936,160318,40.73119918699187,160.318,-3775.682,96.63354083758529,VERDE (NORMAL),VERDE
SP,BAURU,Assis,3774,104858,27.784313725490197,104.858,-3669.142,135.83203952011291,VERDE (NORMAL),VERDE
SP,METROPOLITANA,Carapicuíba,3928,398236,101.38391038696538,398.236,-3529.764,38.74382024729055,VERDE (NORMAL),VERDE
SP,SOROCABA,Registro,3530,61927,17.543059490084985,61.927,-3468.073,201.21917741857348,VERDE (NORMAL),VERDE
SP,METROPOLITANA,Itaquaquecetuba,3744,382983,102.29246794871794,382.983,-3361.017,36.600935289555935,VERDE (NORMAL),VERDE
SP,CAMPINAS,Sumaré,3604,291116,80.77580466148724,291.116,-3312.884,44.617320930488184,VERDE (NORMAL),VERDE
SP,METROPOLITANA,Franco da Rocha,3366,150241,44.634878193701724,150.241,-3215.759,75.41187824894669,VERDE (NORMAL),VERDE
SP,METROPOLITANA,Ferraz de Vasconcelos,3318,186479,56.202230259192284,186.479,-3131.521,59.03680307165954,VERDE (NORMAL),VERDE
SP,ARARAQUARA,Santa Rita do Passa Quatro,3130,24996,7.9859424920127795,24.996,-3105.004,391.938710193631,VERDE (NORMAL),VERDE
SP,BAURU,Garça,3096,43081,13.915051679586563,43.081,-3052.919,222.4928854947657,VERDE (NORMAL),VERDE
SP,Litoral,São Vicente,3264,338326,103.65379901960785,338.326,-2925.674,31.48943917996252,VERDE (NORMAL),VERDE
SP,RIBEIRAO PRETO,Casa Branca,2880,28779,9.992708333333333,28.779,-2851.221,288.21015323673515,VERDE (NORMAL),VERDE
SP,SOROCABA,Itapetininga,2886,164256,56.91476091476091,164.256,-2721.744,50.70740794856809,VERDE (NORMAL),VERDE
SP,BAURU,Ourinhos,2814,106911,37.992537313432834,106.911,-2707.089,74.06717737183266,VERDE (NORMAL),VERDE
SP,ARACATUBA,Votuporanga,2794,100568,35.99427344309234,100.568,-2693.432,77.62345875427572,VERDE (NORMAL),VERDE
SP,METROPOLITANA,Francisco Morato,2796,171476,61.329041487839774,171.476,-2624.524,45.590146726072454,VERDE (NORMAL),VERDE
SP,VALE DO PARAIBA,Caçapava,2650,100071,37.76264150943396,100.071,-2549.929,70.17517562530604,VERDE (NORMAL),VERDE
SP,ARACATUBA,Jaci,2532,7944,3.137440758293839,7.944,-2524.056,807.0271903323262,VERDE (NORMAL),VERDE
SP,BAURU,Pariquera-Açu,2424,19603,8.087046204620462,19.603,-2404.397,299.73861143702493,VERDE (NORMAL),VERDE
SP,Litoral,Itanhaém,2478,118495,47.818805488297016,118.495,-2359.505,51.82061690366682,VERDE (NORMAL),VERDE
SP,CAMPINAS,Paulínia,2466,116674,47.31305758313058,116.674,-2349.326,52.12091811371856,VERDE (NORMAL),VERDE
SP,SOROCABA,Avaré,2436,96450,39.5935960591133,96.45,-2339.55,61.52510108864696,VERDE (NORMAL),VERDE
SP,VALE DO PARAIBA,Campos do Jordão,2376,47956,20.183501683501685,47.956,-2328.044,117.71990991742429,VERDE (NORMAL),VERDE
SP,VALE DO PARAIBA,Lorena,2400,87468,36.445,87.468,-2312.532,65.852654685142,VERDE (NORMAL),VERDE
SP,CAMPINAS,Atibaia,2478,167161,67.45803066989508,167.161,-2310.839,36.73395110103433,VERDE (NORMAL),VERDE
SP,CAMPINAS,Mogi Mirim,2332,95742,41.0557461406518,95.742,-2236.258,56.80081886737273,VERDE (NORMAL),VERDE
SP,CAMPINAS,Valinhos,2358,132258,56.089058524173026,132.258,-2225.742,42.04028489769995,VERDE (NORMAL),VERDE
SP,RIBEIRAO PRETO,Divinolândia,2232,11305,5.064964157706093,11.305,-2220.695,440.67439186200795,VERDE (NORMAL),VERDE
SP,BAURU,Pirajuí,2215,22734,10.263656884875846,22.734,-2192.266,215.81002023401072,VERDE (NORMAL),VERDE
SP,ARARAQUARA,Matão,2264,81075,35.810512367491164,81.075,-2182.925,63.22165895775517,VERDE (NORMAL),VERDE
SP,CAMPINAS,São João da Boa Vista,2262,96080,42.47568523430592,96.08,-2165.92,53.25399666944214,VERDE (NORMAL),VERDE
SP,BAURU,Adamantina,2178,35673,16.37878787878788,35.673,-2142.327,132.9768732654949,VERDE (NORMAL),VERDE
SP,ARACATUBA,Jales,2136,50078,23.444756554307116,50.078,-2085.922,91.10779184472223,VERDE (NORMAL),VERDE
SP,RIBEIRAO PRETO,Bebedouro,2160,78257,36.23009259259259,78.257,-2081.743,59.61894782575361,VERDE (NORMAL),VERDE
SP,SOROCABA,Itapeva,2136,92393,43.25514981273408,92.393,-2043.607,49.381403353067874,VERDE (NORMAL),VERDE
SP,SOROCABA,São Roque,2094,81366,38.8567335243553,81.366,-2012.634,53.890273578644646,VERDE (NORMAL),VERDE
SP,VALE DO PARAIBA,Cruzeiro,2020,76444,37.84356435643564,76.444,-1943.556,53.37763591648789,VERDE (NORMAL),VERDE
SP,BAURU,Dracena,1986,46735,23.532225579053375,46.735,-1939.265,84.39490745693806,VERDE (NORMAL),VERDE
SP,ARARAQUARA,Américo Brasiliense,1848,33708,18.24025974025974,33.708,-1814.292,101.31434674261303,VERDE (NORMAL),VERDE
SP,Litoral,Cubatão,1920,114870,59.828125,114.87,-1805.13,32.09193000783495,VERDE (NORMAL),VERDE
SP,ARACATUBA,Penápolis,1852,63426,34.24730021598272,63.426,-1788.574,54.07725538422729,VERDE (NORMAL),VERDE
SP,CAMPINAS,Santa Bárbara d'Oeste,1962,189456,96.56269113149847,189.456,-1772.544,20.318406384595896,VERDE (NORMAL),VERDE
SP,SOROCABA,Tatuí,1836,129130,70.3322440087146,129.13,-1706.87,26.104669712692637,VERDE (NORMAL),VERDE
SP,RIBEIRAO PRETO,Jaboticabal,1743,73473,42.15318416523236,73.473,-1669.527,41.349189498183,VERDE (NORMAL),VERDE
SP,RIBEIRAO PRETO,Mococa,1698,69372,40.85512367491166,69.372,-1628.628,41.56149455111572,VERDE (NORMAL),VERDE
SP,CAMPINAS,Itatiba,1664,127112,76.38942307692308,127.112,-1536.888,21.783120397759454,VERDE (NORMAL),VERDE
SP,CAMPINAS,Jaguariúna,1584,62309,39.336489898989896,62.309,-1521.691,40.267954870082974,VERDE (NORMAL),VERDE
SP,ARACATUBA,Birigui,1644,123340,75.02433090024331,123.34,-1520.66,21.912891195070536,VERDE (NORMAL),VERDE
SP,METROPOLITANA,Caieiras,1614,98549,61.058859975216855,98.549,-1515.451,26.433510233487908,VERDE (NORMAL),VERDE
SP,RIBEIRAO PRETO,Batatais,1574,59939,38.08068614993647,59.939,-1514.061,41.33328884365772,VERDE (NORMAL),VERDE
SP,SOROCABA,Ibiúna,1584,77801,49.11679292929293,77.801,-1506.199,32.24966260073778,VERDE (NORMAL),VERDE
SP,RIBEIRAO PRETO,Sertãozinho,1634,132176,80.89106487148103,132.176,-1501.824,20.20000605253601,VERDE (NORMAL),VERDE
SP,CAMPINAS,Salto,1616,141111,87.32116336633663,141.111,-1474.8890000000001,18.5063956743273,VERDE (NORMAL),VERDE
SP,RIBEIRAO PRETO,São José do Rio Pardo,1524,53427,35.05708661417323,53.427,-1470.573,43.47195238362625,VERDE (NORMAL),VERDE
SP,ARACATUBA,Fernandópolis,1514,73508,48.55217965653897,73.508,-1440.492,31.18294607389672,VERDE (NORMAL),VERDE
SP,CAMPINAS,Leme,1536,101537,66.10481770833333,101.537,-1434.463,23.23582536415297,VERDE (NORMAL),VERDE
SP,ARARAQUARA,Taquaritinga,1476,53264,36.08672086720867,53.264,-1422.736,40.90147191348754,VERDE (NORMAL),VERDE
SP,BAURU,Santa Cruz do Rio Pardo,1470,47759,32.489115646258504,47.759,-1422.241,45.24592223455265,VERDE (NORMAL),VERDE
SP,BAURU,Paraguaçu Paulista,1446,42049,29.079529737206087,42.049,-1403.951,49.72570096791838,VERDE (NORMAL),VERDE
SP,Litoral,São Sebastião,1460,84280,57.726027397260275,84.28,-1375.72,25.29188419553868,VERDE (NORMAL),VERDE
SP,RIBEIRAO PRETO,Ituverava,1317,38413,29.167046317388003,38.413,-1278.587,45.153697966834144,VERDE (NORMAL),VERDE
SP,BAURU,Rancharia,1296,29387,22.675154320987655,29.387,-1266.613,57.15506856773403,VERDE (NORMAL),VERDE
SP,RIBEIRAO PRETO,Monte Alto,1302,48758,37.44854070660522,48.758,-1253.242,34.767709914270476,VERDE (NORMAL),VERDE
SP,CAMPINAS,Capivari,1302,51369,39.453917050691246,51.369,-1250.631,33.00052560883023,VERDE (NORMAL),VERDE
SP,RIBEIRAO PRETO,Serrana,1284,45580,35.49844236760124,45.58,-1238.42,36.170601140851254,VERDE (NORMAL),VERDE
SP,CAMPINAS,Hortolândia,1476,248842,168.59214092140923,248.842,-1227.158,8.754856495286164,VERDE (NORMAL),VERDE
SP,RIBEIRAO PRETO,São Joaquim da Barra,1272,49885,39.21776729559748,49.885,-1222.115,32.43427884133507,VERDE (NORMAL),VERDE
SP,ARACATUBA,Mirandópolis,1240,28754,23.188709677419354,28.754,-1211.246,53.47429922793351,VERDE (NORMAL),VERDE
SP,ARARAQUARA,Pirassununga,1276,75594,59.24294670846395,75.594,-1200.406,21.538428975844646,VERDE (NORMAL),VERDE
SP,BAURU,Presidente Venceslau,1224,35810,29.25653594771242,35.81,-1188.19,41.83680536163083,VERDE (NORMAL),VERDE
SP,SOROCABA,Votorantim,1314,133510,101.60578386605783,133.51,-1180.49,12.932334656580032,VERDE (NORMAL),VERDE
SP,ARACATUBA,Mirassol,1236,65811,53.24514563106796,65.811,-1170.189,23.213383780826913,VERDE (NORMAL),VERDE
SP,ARARAQUARA,Ibitinga,1194,62143,52.04606365159129,62.143,-1131.857,22.941216227089132,VERDE (NORMAL),VERDE
SP,METROPOLITANA,Embu das Artes,1368,259788,189.90350877192984,259.788,-1108.212,7.203658367592036,VERDE (NORMAL),VERDE
SP,ARACATUBA,Andradina,1155,61625,53.35497835497836,61.625,-1093.375,21.647464503042595,VERDE (NORMAL),VERDE
SP,ARACATUBA,Ilha Solteira,1056,26257,24.864583333333332,26.257,-1029.743,42.47004608294931,VERDE (NORMAL),VERDE
SP,VALE DO PARAIBA,Aparecida,1062,33141,31.206214689265536,33.141,-1028.859,34.03168280981262,VERDE (NORMAL),VERDE
SP,ARACATUBA,Santa Fé do Sul,1062,36288,34.16949152542373,36.288,-1025.712,31.080357142857142,VERDE (NORMAL),VERDE
SP,CAMPINAS,Vinhedo,1086,79089,72.82596685082873,79.089,-1006.9110000000001,14.912263399461365,VERDE (NORMAL),VERDE
SP,ARARAQUARA,São Pedro,1046,39855,38.102294455066925,39.855,-1006.145,27.452415004390915,VERDE (NORMAL),VERDE
SP,METROPOLITANA,Ribeirão Pires,1122,118954,106.01960784313725,118.954,-1003.046,10.582948030331053,VERDE (NORMAL),VERDE
SP,ARARAQUARA,Itápolis,1032,40445,39.190891472868216,40.445,-991.555,26.33264927679565,VERDE (NORMAL),VERDE
SP,SOROCABA,Porto Feliz,1050,58605,55.81428571428572,58.605,-991.395,18.81238802149987,VERDE (NORMAL),VERDE
SP,ARACATUBA,Nhandeara,984,9915,10.076219512195122,9.915,-974.085,97.65567322239032,VERDE (NORMAL),VERDE
SP,BAURU,Promissão,1008,35973,35.6875,35.973,-972.027,28.245183887915935,VERDE (NORMAL),VERDE
SP,Litoral,Ubatuba,1068,97096,90.91385767790263,97.096,-970.904,11.747384032297932,VERDE (NORMAL),VERDE
SP,SOROCABA,São Miguel Arcanjo,948,32924,34.729957805907176,32.924,-915.076,27.296318794800143,VERDE (NORMAL),VERDE
SP,RIBEIRAO PRETO,Orlândia,948,39144,41.29113924050633,39.144,-908.856,22.958920907418758,VERDE (NORMAL),VERDE
SP,BAURU,Pederneiras,948,46337,48.878691983122366,46.337,-901.663,19.39495435613009,VERDE (NORMAL),VERDE
SP,BAURU,Lençóis Paulista,966,68568,70.98136645962732,68.568,-897.432,13.609205460273015,VERDE (NORMAL),VERDE
SP,ARACATUBA,Novo Horizonte,900,39494,43.882222222222225,39.494,-860.506,20.50944447257811,VERDE (NORMAL),VERDE
SP,CAMPINAS,Nova Odessa,924,64596,69.9090909090909,64.596,-859.404,13.217165149544863,VERDE (NORMAL),VERDE
SP,ARACATUBA,Olímpia,906,56874,62.77483443708609,56.874,-849.126,14.432535077539825,VERDE (NORMAL),VERDE
SP,BAURU,Rosana,864,17434,20.17824074074074,17.434,-846.566,42.81840082597224,VERDE (NORMAL),VERDE
SP,BAURU,Presidente Epitácio,876,40322,46.029680365296805,40.322,-835.678,19.03119884926343,VERDE (NORMAL),VERDE
SP,CAMPINAS,Campo Limpo Paulista,912,79781,87.47916666666667,79.781,-832.219,10.425339366515837,VERDE (NORMAL),VERDE
SP,Litoral,Bertioga,878,67436,76.80637813211845,67.436,-810.564,11.431342309745537,VERDE (NORMAL),VERDE
SP,CAMPINAS,Cosmópolis,870,61167,70.30689655172414,61.167,-808.833,12.374319485997352,VERDE (NORMAL),VERDE
SP,BAURU,São Manuel,828,38131,46.05193236714976,38.131,-789.869,17.97970155516509,VERDE (NORMAL),VERDE
SP,CAMPINAS,Socorro,828,41527,50.15338164251208,41.527,-786.473,16.509355359163916,VERDE (NORMAL),VERDE
SP,CAMPINAS,Rio das Pedras,816,32329,39.618872549019606,32.329,-783.671,20.59624485755823,VERDE (NORMAL),VERDE
SP,SOROCABA,Capão Bonito,828,47409,57.257246376811594,47.409,-780.591,14.461051699044486,VERDE (NORMAL),VERDE
SP,METROPOLITANA,Santana de Parnaíba,940,163787,174.24148936170212,163.787,-776.213,5.3948115540305395,VERDE (NORMAL),VERDE
SP,RIBEIRAO PRETO,Caconde,792,17228,21.752525252525253,17.228,-774.772,36.40956582307871,VERDE (NORMAL),VERDE
SP,SOROCABA,Piedade,816,54266,66.50245098039215,54.266,-761.734,12.270224449931817,VERDE (NORMAL),VERDE
SP,METROPOLITANA,Arujá,852,90273,105.95422535211267,90.273,-761.727,8.041208334718021,VERDE (NORMAL),VERDE
SP,CAMPINAS,Itupeva,828,74994,90.57246376811594,74.994,-753.006,9.14185134810785,VERDE (NORMAL),VERDE
SP,SOROCABA,Itararé,798,45213,56.6578947368421,45.213,-752.787,14.084533209475152,VERDE (NORMAL),VERDE
SP,RIBEIRAO PRETO,Morro Agudo,774,28521,36.848837209302324,28.521,-745.479,21.004733354370465,VERDE (NORMAL),VERDE
SP,RIBEIRAO PRETO,Cajuru,768,24233,31.553385416666668,24.233,-743.767,24.339702059175504,VERDE (NORMAL),VERDE
SP,RIBEIRAO PRETO,Guaíra,774,40489,52.31136950904393,40.489,-733.511,14.796018671738002,VERDE (NORMAL),VERDE
SP,ARACATUBA,Guararapes,762,31888,41.84776902887139,31.888,-730.112,18.20885599598595,VERDE (NORMAL),VERDE
SP,RIBEIRAO PRETO,Miguelópolis,738,19621,26.586720867208673,19.621,-718.379,27.758218235563938,VERDE (NORMAL),VERDE
SP,BAURU,Osvaldo Cruz,744,32112,43.16129032258065,32.112,-711.888,17.237668161434975,VERDE (NORMAL),VERDE
SP,ARACATUBA,Monte Azul Paulista,726,18337,25.257575757575758,18.337,-707.663,28.74385122975405,VERDE (NORMAL),VERDE
SP,RIBEIRAO PRETO,Pedregulho,714,15737,22.0406162464986,15.737,-698.263,32.39473851432928,VERDE (NORMAL),VERDE
SP,Litoral,Ilhabela,732,36559,49.94398907103825,36.559,-695.441,14.65641839218797,VERDE (NORMAL),VERDE
SP,BAURU,Herculândia,696,9316,13.385057471264368,9.316,-686.684,51.998282524688705,VERDE (NORMAL),VERDE
SP,SOROCABA,Piraju,702,30294,43.15384615384615,30.294,-671.706,16.267379679144387,VERDE (NORMAL),VERDE
SP,BAURU,Dois Córregos,684,24847,36.32602339181287,24.847,-659.153,18.82947639554071,VERDE (NORMAL),VERDE
SP,RIBEIRAO PRETO,Colina,678,18880,27.846607669616517,18.88,-659.12,24.347669491525426,VERDE (NORMAL),VERDE
SP,RIBEIRAO PRETO,Guariba,684,38678,56.546783625730995,38.678,-645.322,12.096178706241274,VERDE (NORMAL),VERDE
SP,SOROCABA,Angatuba,664,24573,37.00753012048193,24.573,-639.427,17.942294388149595,VERDE (NORMAL),VERDE
SP,ARACATUBA,Monte Aprazível,660,22668,34.345454545454544,22.668,-637.332,19.21651667548968,VERDE (NORMAL),VERDE
SP,ARARAQUARA,Barra Bonita,672,35129,52.27529761904762,35.129,-636.871,12.855020068888951,VERDE (NORMAL),VERDE
SP,CAMPINAS,Várzea Paulista,748,119655,159.96657754010695,119.655,-628.345,4.6759767665371275,VERDE (NORMAL),VERDE
SP,ARACATUBA,José Bonifácio,660,37992,57.56363636363636,37.992,-622.008,11.465571699305118,VERDE (NORMAL),VERDE
SP,METROPOLITANA,Santa Isabel,672,54691,81.38541666666667,54.691,-617.309,8.257007551516702,VERDE (NORMAL),VERDE
SP,ARACATUBA,Pereira Barreto,624,24360,39.03846153846154,24.36,-599.64,15.98423645320197,VERDE (NORMAL),VERDE
SP,ARARAQUARA,Porto Ferreira,648,53966,83.28086419753086,53.966,-594.034,7.780899084608828,VERDE (NORMAL),VERDE
SP,ARARAQUARA,Bariri,624,32406,51.93269230769231,32.406,-591.594,12.015552675430476,VERDE (NORMAL),VERDE
SP,ARACATUBA,Tanabi,612,26071,42.599673202614376,26.071,-585.929,14.366307391354379,VERDE (NORMAL),VERDE
SP,SOROCABA,Salto de Pirapora,618,45262,73.23948220064725,45.262,-572.738,8.438071671600902,VERDE (NORMAL),VERDE
SP,RIBEIRAO PRETO,Guará,576,18748,32.548611111111114,18.748,-557.252,17.696607638148066,VERDE (NORMAL),VERDE
SP,SOROCABA,Apiaí,576,24857,43.154513888888886,24.857,-551.143,13.347387053948587,VERDE (NORMAL),VERDE
SP,ARACATUBA,Nova Granada,558,19733,35.36379928315412,19.733,-538.267,15.778847615669184,VERDE (NORMAL),VERDE
SP,BAURU,Teodoro Sampaio,558,22598,40.49820788530466,22.598,-535.402,13.778387467917515,VERDE (NORMAL),VERDE
SP,CAMPINAS,Louveira,588,54865,93.3078231292517,54.865,-533.135,6.301722409550715,VERDE (NORMAL),VERDE
SP,CAMPINAS,Pedreira,576,44385,77.05729166666667,44.385,-531.615,7.4749577559986475,VERDE (NORMAL),VERDE
SP,RIBEIRAO PRETO,Ipuã,546,14701,26.924908424908423,14.701,-531.299,20.278620502006667,VERDE (NORMAL),VERDE
SP,BAURU,Martinópolis,552,25240,45.72463768115942,25.24,-526.76,12.072266244057053,VERDE (NORMAL),VERDE
SP,BAURU,Santo Anastácio,544,17960,33.01470588235294,17.96,-526.04,16.47750556792873,VERDE (NORMAL),VERDE
SP,METROPOLITANA,Cajamar,612,98365,160.72712418300654,98.365,-513.635,3.807695826767651,VERDE (NORMAL),VERDE
SP,CAMPINAS,Conchal,540,29132,53.94814814814815,29.132,-510.868,10.009611423863792,VERDE (NORMAL),VERDE
SP,SOROCABA,Tietê,540,38723,71.70925925925926,38.723,-501.277,7.530408284482091,VERDE (NORMAL),VERDE
SP,SOROCABA,Araçoiaba da Serra,528,33832,64.07575757575758,33.832,-494.168,8.240245921021518,VERDE (NORMAL),VERDE
SP,RIBEIRAO PRETO,Vargem Grande do Sul,534,41256,77.25842696629213,41.256,-492.744,6.9118673647469455,VERDE (NORMAL),VERDE
SP,ARACATUBA,Itajobi,510,17502,34.31764705882353,17.502,-492.498,14.861158724717175,VERDE (NORMAL),VERDE
SP,SOROCABA,Taquarituba,510,24932,48.88627450980392,24.932,-485.068,10.432376062891064,VERDE (NORMAL),VERDE
SP,RIBEIRAO PRETO,Igarapava,504,26696,52.96825396825397,26.696,-477.304,9.515133353311358,VERDE (NORMAL),VERDE
SP,BAURU,Chavantes,486,12415,25.545267489711936,12.415,-473.585,19.025050342327827,VERDE (NORMAL),VERDE
SP,ARACATUBA,Valparaíso,492,24779,50.363821138211385,24.779,-467.221,9.768917228298156,VERDE (NORMAL),VERDE
SP,BAURU,Regente Feijó,486,20620,42.42798353909465,20.62,-465.38,11.454704170708052,VERDE (NORMAL),VERDE
SP,RIBEIRAO PRETO,Pitangueiras,498,34361,68.99799196787149,34.361,-463.639,7.21760135036815,VERDE (NORMAL),VERDE
SP,CAMPINAS,Serra Negra,492,31047,63.103658536585364,31.047,-460.953,7.796695332882404,VERDE (NORMAL),VERDE
SP,ARACATUBA,Auriflama,474,13856,29.23206751054852,13.856,-460.144,16.215069284064665,VERDE (NORMAL),VERDE
SP,BAURU,Cafelândia,474,16907,35.66877637130802,16.907,-457.093,13.288933577808008,VERDE (NORMAL),VERDE
SP,BAURU,Tupi Paulista,468,16259,34.74145299145299,16.259,-451.741,13.47093917215081,VERDE (NORMAL),VERDE
SP,BAURU,Flórida Paulista,462,13175,28.517316017316016,13.175,-448.825,16.20068311195446,VERDE (NORMAL),VERDE
SP,SOROCABA,Boituva,512,63850,124.70703125,63.85,-448.15,4.105622552858262,VERDE (NORMAL),VERDE
SP,BAURU,Ipaussu,462,13935,30.162337662337663,13.935,-448.065,15.317115177610333,VERDE (NORMAL),VERDE
SP,ARARAQUARA,Brotas,468,24501,52.3525641025641,24.501,-443.499,8.939390228970247,VERDE (NORMAL),VERDE
SP,BAURU,Junqueirópolis,462,20939,45.32251082251082,20.939,-441.061,10.193610010029133,VERDE (NORMAL),VERDE
SP,ARARAQUARA,Laranjal Paulista,468,27044,57.78632478632478,27.044,-440.956,8.09880195237391,VERDE (NORMAL),VERDE
SP,SOROCABA,Cerqueira César,462,22210,48.073593073593074,22.21,-439.79,9.610265646105358,VERDE (NORMAL),VERDE
SP,BAURU,Duartina,444,12532,28.225225225225227,12.532,-431.468,15.730609639323331,VERDE (NORMAL),VERDE
SP,SOROCABA,Itaporanga,444,14245,32.083333333333336,14.245,-429.755,13.838961038961038,VERDE (NORMAL),VERDE
SP,BAURU,Gália,432,6413,14.844907407407407,6.413,-425.587,29.10088881958522,VERDE (NORMAL),VERDE
SP,BAURU,Bilac,426,7464,17.52112676056338,7.464,-418.536,24.313504823151124,VERDE (NORMAL),VERDE
SP,BAURU,Getulina,426,10337,24.26525821596244,10.337,-415.663,17.555964012769664,VERDE (NORMAL),VERDE
SP,CAMPINAS,Águas de Lindóia,432,18257,42.261574074074076,18.257,-413.743,10.222051815741906,VERDE (NORMAL),VERDE
SP,BAURU,Palmital,432,19714,45.63425925925926,19.714,-412.286,9.466571979304048,VERDE (NORMAL),VERDE
SP,SOROCABA,Itaí,432,25979,60.136574074074076,25.979,-406.021,7.183648331344547,VERDE (NORMAL),VERDE
SP,ARARAQUARA,Itapuí,420,14035,33.416666666666664,14.035,-405.965,12.56857855361596,VERDE (NORMAL),VERDE
SP,ARACATUBA,Pirangi,414,11085,26.77536231884058,11.085,-402.915,15.461975642760487,VERDE (NORMAL),VERDE
SP,VALE DO PARAIBA,Cachoeira Paulista,434,32534,74.963133640553,32.534,-401.466,5.7895125099895495,VERDE (NORMAL),VERDE
SP,METROPOLITANA,Mairiporã,492,97835,198.85162601626016,97.835,-394.165,2.4742065722900803,VERDE (NORMAL),VERDE
SP,RIBEIRAO PRETO,São Simão,402,13560,33.73134328358209,13.56,-388.44,11.917699115044247,VERDE (NORMAL),VERDE
SP,VALE DO PARAIBA,São Bento do Sapucaí,396,11989,30.275252525252526,11.989,-384.011,13.079989990824922,VERDE (NORMAL),VERDE
SP,RIBEIRAO PRETO,Viradouro,398,17685,44.43467336683417,17.685,-380.315,8.956969182923382,VERDE (NORMAL),VERDE
SP,RIBEIRAO PRETO,Terra Roxa,384,7965,20.7421875,7.965,-376.035,18.512994350282487,VERDE (NORMAL),VERDE
SP,SOROCABA,Cerquilho,417,46391,111.24940047961631,46.391,-370.609,3.7483348063201913,VERDE (NORMAL),VERDE
SP,RIBEIRAO PRETO,Pontal,408,38286,93.83823529411765,38.286,-369.714,4.347907851433944,VERDE (NORMAL),VERDE
SP,ARACATUBA,Estrela d'Oeste,378,9696,25.650793650793652,9.696,-368.304,14.736386138613861,VERDE (NORMAL),VERDE
SP,VALE DO PARAIBA,Cunha,390,22460,57.58974358974359,22.46,-367.54,6.772039180765805,VERDE (NORMAL),VERDE
SP,Litoral,Mongaguá,432,64845,150.10416666666666,64.845,-367.155,2.8780013879250523,VERDE (NORMAL),VERDE
SP,BAURU,Presidente Bernardes,378,14803,39.16137566137566,14.803,-363.197,9.652367763291226,VERDE (NORMAL),VERDE
SP,RIBEIRAO PRETO,Patrocínio Paulista,376,14888,39.59574468085106,14.888,-361.112,9.495969908651263,VERDE (NORMAL),VERDE
SP,ARARAQUARA,Charqueada,374,15814,42.283422459893046,15.814,-358.186,8.845073985076516,VERDE (NORMAL),VERDE
SP,ARARAQUARA,Descalvado,390,32663,83.75128205128205,32.663,-357.337,4.65664513363745,VERDE (NORMAL),VERDE
SP,ARARAQUARA,Tambaú,378,21650,57.27513227513227,21.65,-356.35,6.59972286374134,VERDE (NORMAL),VERDE
SP,ARACATUBA,Riolândia,366,10444,28.53551912568306,10.444,-355.556,12.826120260436614,VERDE (NORMAL),VERDE
SP,ARACATUBA,Ouroeste,366,10660,29.12568306010929,10.66,-355.34,12.566228893058161,VERDE (NORMAL),VERDE
SP,ARACATUBA,Buritama,372,17658,47.46774193548387,17.658,-354.342,7.836901121304791,VERDE (NORMAL),VERDE
SP,ARACATUBA,Cedral,360,13314,36.983333333333334,13.314,-346.686,9.734114465975665,VERDE (NORMAL),VERDE
SP,ARACATUBA,Castilho,366,20485,55.96994535519126,20.485,-345.515,6.5392238223090065,VERDE (NORMAL),VERDE
SP,BAURU,Agudos,384,38988,101.53125,38.988,-345.012,3.7820867959372113,VERDE (NORMAL),VERDE
SP,SOROCABA,Pilar do Sul,372,28459,76.50268817204301,28.459,-343.541,4.86257422959345,VERDE (NORMAL),VERDE
SP,ARACATUBA,Cajobi,351,9210,26.23931623931624,9.21,-341.79,13.376872964169381,VERDE (NORMAL),VERDE
SP,BAURU,Iacanga,348,10648,30.597701149425287,10.648,-337.352,11.373403456048084,VERDE (NORMAL),VERDE
SP,BAURU,Parapuã,348,10720,30.804597701149426,10.72,-337.28,11.297014925373134,VERDE (NORMAL),VERDE
SP,BAURU,Lucélia,348,20378,58.55747126436781,20.378,-327.622,5.942879576013348,VERDE (NORMAL),VERDE
SP,METROPOLITANA,Guararema,360,32620,90.61111111111111,32.62,-327.38,3.9730226854690374,VERDE (NORMAL),VERDE
SP,ARARAQUARA,Tabatinga,342,14997,43.85087719298246,14.997,-327.003,7.799159831966393,VERDE (NORMAL),VERDE
SP,BAURU,Salto Grande,336,9221,27.44345238095238,9.221,-326.779,12.243357553410693,VERDE (NORMAL),VERDE
SP,RIBEIRAO PRETO,São Sebastião da Grama,336,10428,31.035714285714285,10.428,-325.572,10.826237054085155,VERDE (NORMAL),VERDE
SP,ARARAQUARA,Santa Cruz das Palmeiras,354,29489,83.30225988700565,29.489,-324.511,4.24958459086439,VERDE (NORMAL),VERDE
SP,CAMPINAS,Piracaia,348,26795,76.99712643678161,26.795,-321.205,4.519649188281395,VERDE (NORMAL),VERDE
SP,SOROCABA,Taguaí,330,13068,39.6,13.068,-316.932,8.333333333333332,VERDE (NORMAL),VERDE
SP,ARARAQUARA,Ibaté,348,33160,95.28735632183908,33.16,-314.84000000000003,3.65211097708082,VERDE (NORMAL),VERDE
SP,BAURU,Bernardino de Campos,324,11881,36.66975308641975,11.881,-312.119,8.835619897315041,VERDE (NORMAL),VERDE
SP,BAURU,Cândido Mota,330,30157,91.38484848484849,30.157,-299.843,3.6111019000563713,VERDE (NORMAL),VERDE
SP,ARACATUBA,Potirendaba,318,19097,60.05345911949686,19.097,-298.903,5.295281981463057,VERDE (NORMAL),VERDE
SP,CAMPINAS,Monte Mor,366,67832,185.33333333333334,67.832,-298.168,1.974820143884892,VERDE (NORMAL),VERDE
SP,ARACATUBA,Urânia,300,8973,29.91,8.973,-291.027,10.030090270812437,VERDE (NORMAL),VERDE
SP,RIBEIRAO PRETO,Santa Rosa de Viterbo,306,23710,77.48366013071896,23.71,-282.29,3.949219738506959,VERDE (NORMAL),VERDE
SP,SOROCABA,Cesário Lange,300,19707,65.69,19.707,-280.293,4.566905160602832,VERDE (NORMAL),VERDE
SP,RIBEIRAO PRETO,Tapiratiba,292,11903,40.763698630136986,11.903,-280.097,7.163236158951525,VERDE (NORMAL),VERDE
SP,BAURU,Macatuba,294,17140,58.29931972789116,17.14,-276.86,5.04294049008168,VERDE (NORMAL),VERDE
SP,CAMPINAS,Cabreúva,324,48654,150.16666666666666,48.654,-275.346,2.1576026637069923,VERDE (NORMAL),VERDE
SP,BAURU,Maracaí,288,12804,44.458333333333336,12.804,-275.196,6.4779756326148075,VERDE (NORMAL),VERDE
SP,BAURU,Rinópolis,282,9334,33.09929078014184,9.334,-272.666,8.519820012856226,VERDE (NORMAL),VERDE
SP,ARACATUBA,General Salgado,282,10437,37.01063829787234,10.437,-271.563,7.619430870939925,VERDE (NORMAL),VERDE
SP,BAURU,Bastos,288,21936,76.16666666666667,21.936,-266.064,3.7811816192560173,VERDE (NORMAL),VERDE
SP,ARACATUBA,Clementina,270,7084,26.237037037037037,7.084,-262.916,10.290796160361378,VERDE (NORMAL),VERDE
SP,BAURU,Piratininga,276,15657,56.72826086956522,15.657,-260.343,4.865299865874689,VERDE (NORMAL),VERDE
SP,BAURU,Mirante do Paranapanema,276,16031,58.083333333333336,16.031,-259.969,4.751793400286944,VERDE (NORMAL),VERDE
SP,Litoral,Peruíbe,330,70629,214.02727272727273,70.629,-259.371,1.5418595760948053,VERDE (NORMAL),VERDE
SP,CAMPINAS,Aguaí,288,32886,114.1875,32.886,-255.114,2.522167487684729,VERDE (NORMAL),VERDE
SP,CAMPINAS,Jarinu,288,40007,138.91319444444446,40.007,-247.993,2.0732371834928887,VERDE (NORMAL),VERDE
SP,ARACATUBA,Paulo de Faria,252,7390,29.325396825396826,7.39,-244.61,8.593234100135318,VERDE (NORMAL),VERDE
SP,ARACATUBA,Sud Mennucci,252,7464,29.61904761904762,7.464,-244.536,8.508038585209002,VERDE (NORMAL),VERDE
SP,SOROCABA,Paranapanema,264,19853,75.20075757575758,19.853,-244.147,3.5106029315468694,VERDE (NORMAL),VERDE
SP,ARACATUBA,Urupês,258,14073,54.54651162790697,14.073,-243.927,4.729908335109785,VERDE (NORMAL),VERDE
SP,CAMPINAS,Nazaré Paulista,258,18675,72.38372093023256,18.675,-239.325,3.5643373493975905,VERDE (NORMAL),VERDE
SP,ARACATUBA,Santa Adélia,252,14193,56.32142857142857,14.193,-237.807,4.474318325935321,VERDE (NORMAL),VERDE
SP,BAURU,Arealva,246,8290,33.699186991869915,8.29,-237.71,7.299879372738239,VERDE (NORMAL),VERDE
SP,ARARAQUARA,Borborema,252,14405,57.16269841269841,14.405,-237.595,4.408469281499479,VERDE (NORMAL),VERDE
SP,ARACATUBA,Indiaporã,240,4113,17.1375,4.113,-235.887,14.00437636761488,VERDE (NORMAL),VERDE
SP,VALE DO PARAIBA,SAO LUIS DO PARAITINGA,246,10487,42.63008130081301,10.487,-235.513,5.770573090492991,VERMELHO (CAOS),VERMELHO
SP,ARACATUBA,Cardoso,246,11476,46.65040650406504,11.476,-234.524,5.273265946322761,VERDE (NORMAL),VERDE
SP,ARACATUBA,Tabapuã,246,11498,46.739837398373986,11.498,-234.502,5.263176204557314,VERDE (NORMAL),VERDE
SP,RIBEIRAO PRETO,Colômbia,240,6802,28.341666666666665,6.802,-233.198,8.468097618347546,VERDE (NORMAL),VERDE
SP,BAURU,Pompéia,246,20520,83.41463414634147,20.52,-225.48,2.9491228070175435,VERDE (NORMAL),VERDE
SP,RIBEIRAO PRETO,Altinópolis,240,17197,71.65416666666667,17.197,-222.803,3.3494214107111704,VERDE (NORMAL),VERDE
SP,ARACATUBA,Guaraçaí,228,7453,32.68859649122807,7.453,-220.547,6.974909432443312,VERDE (NORMAL),VERDE
SP,VALE DO PARAIBA,Queluz,228,9074,39.79824561403509,9.074,-218.926,5.728895746087723,VERDE (NORMAL),VERDE
SP,ARARAQUARA,Ribeirão Bonito,228,11040,48.421052631578945,11.04,-216.96,4.708695652173914,VERDE (NORMAL),VERDE
SP,RIBEIRAO PRETO,Sales Oliveira,228,11683,51.24122807017544,11.683,-216.317,4.449542069673885,VERDE (NORMAL),VERDE
SP,BAURU,Iepê,224,7739,34.549107142857146,7.739,-216.261,6.483525003230391,VERDE (NORMAL),VERDE
SP,SOROCABA,Itaberá,228,18263,80.10087719298245,18.263,-209.737,2.8464107758856705,VERDE (NORMAL),VERDE
SP,BAURU,Bocaina,216,11480,53.148148148148145,11.48,-204.52,4.06411149825784,VERDE (NORMAL),VERDE
SP,ARACATUBA,Ibirá,216,11952,55.333333333333336,11.952,-204.048,3.903614457831325,VERDE (NORMAL),VERDE
SP,SOROCABA,Ribeirão Branco,220,18942,86.1,18.942,-201.058,2.5551684088269457,VERDE (NORMAL),VERDE
SP,RIBEIRAO PRETO,Jaborandi,204,6280,30.784313725490197,6.28,-197.72,6.626751592356688,VERDE (NORMAL),VERDE
SP,ARARAQUARA,Torrinha,198,9484,47.898989898989896,9.484,-188.516,4.133698861239983,VERDE (NORMAL),VERDE
SP,BAURU,Alto Alegre,192,3874,20.177083333333332,3.874,-188.126,9.515745998967477,VERDE (NORMAL),VERDE
SP,METROPOLITANA,Vargem Grande Paulista,240,52352,218.13333333333333,52.352,-187.648,1.1002444987775062,VERDE (NORMAL),VERDE
SP,ARACATUBA,Palmeira d'Oeste,192,8971,46.723958333333336,8.971,-183.029,4.1092408873035335,VERDE (NORMAL),VERDE
SP,ARACATUBA,Neves Paulista,186,9953,53.51075268817204,9.953,-176.047,3.4759369034461973,VERDE (NORMAL),VERDE
SP,BAURU,Álvares Machado,204,28386,139.14705882352942,28.386,-175.614,1.4660748256182625,VERDE (NORMAL),VERDE
SP,SOROCABA,Fartura,192,17029,88.69270833333333,17.029,-174.971,2.1647777321040578,VERDE (NORMAL),VERDE
SP,VALE DO PARAIBA,Bananal,180,10097,56.09444444444444,10.097,-169.903,3.20887392294741,VERDE (NORMAL),VERDE
SP,SOROCABA,Conchas,174,15345,88.1896551724138,15.345,-158.655,1.9730205278592374,VERDE (NORMAL),VERDE
SP,ARARAQUARA,Nova Europa,168,9459,56.30357142857143,9.459,-158.541,2.983824928639391,VERDE (NORMAL),VERDE
SP,ARARAQUARA,Boa Esperança do Sul,170,13113,77.13529411764706,13.113,-156.887,2.2039197742698082,VERDE (NORMAL),VERDE
SP,VALE DO PARAIBA,Roseira,168,11137,66.29166666666667,11.137,-156.863,2.534255185417976,VERDE (NORMAL),VERDE
SP,ARACATUBA,Aparecida d'Oeste,150,4112,27.413333333333334,4.112,-145.888,5.471789883268483,VERDE (NORMAL),VERDE
SP,ARACATUBA,Macaubal,150,7581,50.54,7.581,-142.419,2.96794618124258,VERDE (NORMAL),VERDE
SP,SOROCABA,Iperó,180,38277,212.65,38.277,-141.723,0.8464613214201739,VERDE (NORMAL),VERDE
SP,ARACATUBA,Populina,144,4182,29.041666666666668,4.182,-139.818,4.958393113342898,VERDE (NORMAL),VERDE
SP,ARARAQUARA,Dourado,144,8169,56.729166666666664,8.169,-135.831,2.538376790304811,VERDE (NORMAL),VERDE
SP,METROPOLITANA,Embu-Guaçu,204,68913,337.80882352941177,68.913,-135.087,0.6038918636541727,VERDE (NORMAL),VERDE
SP,RIBEIRAO PRETO,Cravinhos,168,34307,204.20833333333334,34.307,-133.69299999999998,0.8226892470924301,VERDE (NORMAL),VERDE
SP,CAMPINAS,Bom Jesus dos Perdões,156,22579,144.73717948717947,22.579,-133.421,1.0778156694273442,VERDE (NORMAL),VERDE
SP,CAMPINAS,Joanópolis,144,13131,91.1875,13.131,-130.869,1.579163810829335,VERDE (NORMAL),VERDE
SP,CAMPINAS,Morungaba,144,14147,98.24305555555556,14.147,-129.853,1.46575245635117,VERDE (NORMAL),VERDE
SP,SOROCABA,Guapiara,144,17225,119.61805555555556,17.225,-126.775,1.203831640058055,VERDE (NORMAL),VERDE
SP,METROPOLITANA,Biritiba Mirim,156,30564,195.92307692307693,30.564,-125.436,0.7962308598351001,VERDE (NORMAL),VERDE
SP,ARARAQUARA,Mineiros do Tietê,132,11322,85.77272727272727,11.322,-120.678,1.5389507154213038,VERDE (NORMAL),VERDE
SP,METROPOLITANA,Salesópolis,132,15381,116.52272727272727,15.381,-116.619,1.1328262141603278,VERDE (NORMAL),VERDE
SP,ARARAQUARA,Itirapina,132,16454,124.65151515151516,16.454,-115.54599999999999,1.0589522304606782,VERDE (NORMAL),VERDE
SP,SOROCABA,Itatinga,126,19462,154.46031746031747,19.462,-106.538,0.8157435001541465,VERDE (NORMAL),VERDE
SP,RIBEIRAO PRETO,Santo Antônio da Alegria,108,6933,64.19444444444444,6.933,-101.06700000000001,1.6823885763738642,VERDE (NORMAL),VERDE
SP,CAMPINAS,Artur Nogueira,144,53467,371.2986111111111,53.467,-90.533,0.3878280060598126,VERDE (NORMAL),VERDE
SP,VALE DO PARAIBA,Igaratá,96,10984,114.41666666666667,10.984,-85.016,0.8390386016023307,VERDE (NORMAL),VERDE
SP,ARARAQUARA,Santa Maria da Serra,72,5308,73.72222222222223,5.308,-66.69200000000001,0.9766390354182365,VERDE (NORMAL),VERDE
SP,SOROCABA,Arandu,72,7076,98.27777777777777,7.076,-64.924,0.7326172979084229,VERDE (NORMAL),VERDE
SP,CAMPINAS,Elias Fausto,72,18168,252.33333333333334,18.168,-53.832,0.285336856010568,VERDE (NORMAL),VERDE
SP,SOROCABA,Taquarivaí,60,7170,119.5,7.17,-52.83,0.502092050209205,VERDE (NORMAL),VERDE
SP,RIBEIRAO PRETO,Barrinha,84,33304,396.4761904761905,33.304,-50.696,0.21186644246937306,VERDE (NORMAL),VERDE
SP,SOROCABA,Capela do Alto,65,23777,365.8,23.777,-41.223,0.17769272826681246,VERDE (NORMAL),VERDE
SP,ARARAQUARA,Santa Lúcia,48,7144,148.83333333333334,7.144,-40.856,0.322508398656215,VERDE (NORMAL),VERDE
SP,Litoral,Pedro de Toledo,36,11617,322.69444444444446,11.617,-24.383,0.11156064388396315,VERDE (NORMAL),VERDE
SP,SOROCABA,Coronel Macedo,24,4271,177.95833333333334,4.271,-19.729,0.13486302973542494,VERDE (NORMAL),VERDE
SP,ARARAQUARA,Corumbataí,24,4296,179.0,4.296,-19.704,0.1340782122905028,VERDE (NORMAL),VERDE
SP,VALE DO PARAIBA,Tremembé,72,53426,742.0277777777778,53.426,-18.573999999999998,0.09703140792872383,VERDE (NORMAL),VERDE
SP,VALE DO PARAIBA,Silveiras,24,6329,263.7083333333333,6.329,-17.671,0.09100963817348713,VERDE (NORMAL),VERDE
SP,CAMPINAS,Iracemápolis,36,22500,625.0,22.5,-13.5,0.0576,VERDE (NORMAL),VERDE
SP,ARACATUBA,Uchoa,16,10670,666.875,10.67,-5.33,0.023992502343017807,VERDE (NORMAL),VERDE
SP,BAURU,Borá,0,932,0.0,0.932,0.932,0.0,VERMELHO (CAOS),VERMELHO
SP,ARACATUBA,Nova Castilho,0,1072,0.0,1.072,1.072,0.0,VERMELHO (CAOS),VERMELHO
SP,BAURU,Uru,0,1424,0.0,1.424,1.424,0.0,VERMELHO (CAOS),VERMELHO
SP,BAURU,Flora Rica,0,1483,0.0,1.483,1.483,0.0,VERMELHO (CAOS),VERMELHO
SP,ARACATUBA,União Paulista,0,1628,0.0,1.628,1.628,0.0,VERMELHO (CAOS),VERMELHO
SP,ARACATUBA,Dirce Reis,0,1639,0.0,1.639,1.639,0.0,VERMELHO (CAOS),VERMELHO
SP,ARACATUBA,Turmalina,0,1662,0.0,1.662,1.662,0.0,VERMELHO (CAOS),VERMELHO
SP,ARACATUBA,Santa Salete,0,1692,0.0,1.692,1.692,0.0,VERMELHO (CAOS),VERMELHO
SP,BAURU,Fernão,0,1692,0.0,1.692,1.692,0.0,VERMELHO (CAOS),VERMELHO
SP,ARACATUBA,Santana da Ponte Pensa,0,1699,0.0,1.699,1.699,0.0,VERMELHO (CAOS),VERMELHO
SP,ARARAQUARA,Trabiju,0,1724,0.0,1.724,1.724,0.0,VERMELHO (CAOS),VERMELHO
SP,ARACATUBA,Vitória Brasil,0,1828,0.0,1.828,1.828,0.0,VERMELHO (CAOS),VERMELHO
SP,BAURU,Turiúba,0,1835,0.0,1.835,1.835,0.0,VERMELHO (CAOS),VERMELHO
SP,ARACATUBA,Marinópolis,0,1862,0.0,1.862,1.862,0.0,VERMELHO (CAOS),VERMELHO
SP,ARACATUBA,Aspásia,0,1875,0.0,1.875,1.875,0.0,VERMELHO (CAOS),VERMELHO
SP,ARACATUBA,São João de Iracema,0,1882,0.0,1.882,1.882,0.0,VERMELHO (CAOS),VERMELHO
SP,ARACATUBA,Monções,0,1947,0.0,1.947,1.947,0.0,VERMELHO (CAOS),VERMELHO
SP,ARACATUBA,Lourdes,0,1962,0.0,1.962,1.962,0.0,VERMELHO (CAOS),VERMELHO
SP,ARACATUBA,Mesópolis,0,1990,0.0,1.99,1.99,0.0,VERMELHO (CAOS),VERMELHO
SP,ARACATUBA,Guarani d'Oeste,0,1999,0.0,1.999,1.999,0.0,VERMELHO (CAOS),VERMELHO
SP,BAURU,Ribeirão dos Índios,0,2040,0.0,2.04,2.04,0.0,VERMELHO (CAOS),VERMELHO
SP,ARACATUBA,Nova Canaã Paulista,0,2055,0.0,2.055,2.055,0.0,VERMELHO (CAOS),VERMELHO
SP,SOROCABA,Torre de Pedra,0,2056,0.0,2.056,2.056,0.0,VERMELHO (CAOS),VERMELHO
SP,BAURU,Arco-Íris,0,2089,0.0,2.089,2.089,0.0,VERMELHO (CAOS),VERMELHO
SP,BAURU,Cruzália,0,2123,0.0,2.123,2.123,0.0,VERMELHO (CAOS),VERMELHO
SP,BAURU,Paulistânia,0,2156,0.0,2.156,2.156,0.0,VERMELHO (CAOS),VERMELHO
SP,RIBEIRAO PRETO,Santa Cruz da Esperança,0,2168,0.0,2.168,2.168,0.0,VERMELHO (CAOS),VERMELHO
SP,ARACATUBA,Nova Guataporanga,0,2188,0.0,2.188,2.188,0.0,VERMELHO (CAOS),VERMELHO
SP,ARACATUBA,Dolcinópolis,0,2254,0.0,2.254,2.254,0.0,VERMELHO (CAOS),VERMELHO
SP,BAURU,São João do Pau d'Alho,0,2293,0.0,2.293,2.293,0.0,VERMELHO (CAOS),VERMELHO
SP,ARACATUBA,Embaúba,0,2349,0.0,2.349,2.349,0.0,VERMELHO (CAOS),VERMELHO
SP,VALE DO PARAIBA,Arapeí,0,2355,0.0,2.355,2.355,0.0,VERMELHO (CAOS),VERMELHO
SP,ARACATUBA,Pontes Gestal,0,2411,0.0,2.411,2.411,0.0,VERMELHO (CAOS),VERMELHO
SP,BAURU,Lucianópolis,0,2423,0.0,2.423,2.423,0.0,VERMELHO (CAOS),VERMELHO
SP,SOROCABA,Timburi,0,2484,0.0,2.484,2.484,0.0,VERMELHO (CAOS),VERMELHO
SP,BAURU,Oscar Bressane,0,2502,0.0,2.502,2.502,0.0,VERMELHO (CAOS),VERMELHO
SP,BAURU,Sagres,0,2522,0.0,2.522,2.522,0.0,VERMELHO (CAOS),VERMELHO
SP,BAURU,Óleo,0,2535,0.0,2.535,2.535,0.0,VERMELHO (CAOS),VERMELHO
SP,BAURU,Pracinha,0,2589,0.0,2.589,2.589,0.0,VERMELHO (CAOS),VERMELHO
SP,ARACATUBA,Brejo Alegre,0,2605,0.0,2.605,2.605,0.0,VERMELHO (CAOS),VERMELHO
SP,ARACATUBA,São Francisco,0,2623,0.0,2.623,2.623,0.0,VERMELHO (CAOS),VERMELHO
SP,ARACATUBA,São João das Duas Pontes,0,2623,0.0,2.623,2.623,0.0,VERMELHO (CAOS),VERMELHO
SP,ARACATUBA,Bento de Abreu,0,2640,0.0,2.64,2.64,0.0,VERMELHO (CAOS),VERMELHO
SP,RIBEIRAO PRETO,Taquaral,0,2649,0.0,2.649,2.649,0.0,VERMELHO (CAOS),VERMELHO
SP,ARACATUBA,Santa Clara d'Oeste,0,2694,0.0,2.694,2.694,0.0,VERMELHO (CAOS),VERMELHO
SP,BAURU,Lutécia,0,2697,0.0,2.697,2.697,0.0,VERMELHO (CAOS),VERMELHO
SP,BAURU,Nantes,0,2697,0.0,2.697,2.697,0.0,VERMELHO (CAOS),VERMELHO
SP,BAURU,Rubiácea,0,2740,0.0,2.74,2.74,0.0,VERMELHO (CAOS),VERMELHO
SP,ARACATUBA,Floreal,0,2747,0.0,2.747,2.747,0.0,VERMELHO (CAOS),VERMELHO
SP,BAURU,Estrela do Norte,0,2751,0.0,2.751,2.751,0.0,VERMELHO (CAOS),VERMELHO
SP,ARACATUBA,Zacarias,0,2773,0.0,2.773,2.773,0.0,VERMELHO (CAOS),VERMELHO
SP,ARACATUBA,Santa Rita d'Oeste,0,2796,0.0,2.796,2.796,0.0,VERMELHO (CAOS),VERMELHO
SP,BAURU,Borebi,0,2801,0.0,2.801,2.801,0.0,VERMELHO (CAOS),VERMELHO
SP,ARACATUBA,Gabriel Monteiro,0,2813,0.0,2.813,2.813,0.0,VERMELHO (CAOS),VERMELHO
SP,ARACATUBA,Nova Luzitânia,0,2817,0.0,2.817,2.817,0.0,VERMELHO (CAOS),VERMELHO
SP,BAURU,Pedrinhas Paulista,0,2833,0.0,2.833,2.833,0.0,VERMELHO (CAOS),VERMELHO
SP,ARACATUBA,Pedranópolis,0,2856,0.0,2.856,2.856,0.0,VERMELHO (CAOS),VERMELHO
SP,RIBEIRAO PRETO,Cássia dos Coqueiros,0,2861,0.0,2.861,2.861,0.0,VERMELHO (CAOS),VERMELHO
SP,BAURU,Alvinlândia,0,2919,0.0,2.919,2.919,0.0,VERMELHO (CAOS),VERMELHO
SP,ARARAQUARA,Águas de São Pedro,0,2928,0.0,2.928,2.928,0.0,VERMELHO (CAOS),VERMELHO
SP,RIBEIRAO PRETO,Cândido Rodrigues,0,2959,0.0,2.959,2.959,0.0,VERMELHO (CAOS),VERMELHO
SP,ARACATUBA,Santa Mercedes,0,3017,0.0,3.017,3.017,0.0,VERMELHO (CAOS),VERMELHO
SP,ARACATUBA,Parisi,0,3030,0.0,3.03,3.03,0.0,VERMELHO (CAOS),VERMELHO
SP,BAURU,Platina,0,3055,0.0,3.055,3.055,0.0,VERMELHO (CAOS),VERMELHO
SP,BAURU,Emilianópolis,0,3061,0.0,3.061,3.061,0.0,VERMELHO (CAOS),VERMELHO
SP,BAURU,Santo Expedito,0,3069,0.0,3.069,3.069,0.0,VERMELHO (CAOS),VERMELHO
SP,SOROCABA,Jumirim,0,3132,0.0,3.132,3.132,0.0,VERMELHO (CAOS),VERMELHO
SP,SOROCABA,Ribeira,0,3158,0.0,3.158,3.158,0.0,VERMELHO (CAOS),VERMELHO
SP,ARACATUBA,Elisiário,0,3190,0.0,3.19,3.19,0.0,VERMELHO (CAOS),VERMELHO
SP,ARACATUBA,Sebastianópolis do Sul,0,3191,0.0,3.191,3.191,0.0,VERMELHO (CAOS),VERMELHO
SP,ARACATUBA,Gastão Vidigal,0,3203,0.0,3.203,3.203,0.0,VERMELHO (CAOS),VERMELHO
SP,ARACATUBA,Mira Estrela,0,3209,0.0,3.209,3.209,0.0,VERMELHO (CAOS),VERMELHO
SP,ARACATUBA,Magda,0,3211,0.0,3.211,3.211,0.0,VERMELHO (CAOS),VERMELHO
SP,BAURU,Piquerobi,0,3287,0.0,3.287,3.287,0.0,VERMELHO (CAOS),VERMELHO
SP,BAURU,Queiroz,0,3366,0.0,3.366,3.366,0.0,VERMELHO (CAOS),VERMELHO
SP,ARACATUBA,Marapoama,0,3415,0.0,3.415,3.415,0.0,VERMELHO (CAOS),VERMELHO
SP,BAURU,Pongaí,0,3440,0.0,3.44,3.44,0.0,VERMELHO (CAOS),VERMELHO
SP,ARACATUBA,Suzanápolis,0,3465,0.0,3.465,3.465,0.0,VERMELHO (CAOS),VERMELHO
SP,ARACATUBA,Altair,0,3467,0.0,3.467,3.467,0.0,VERMELHO (CAOS),VERMELHO
SP,SOROCABA,Quadra,0,3477,0.0,3.477,3.477,0.0,VERMELHO (CAOS),VERMELHO
SP,SOROCABA,Itaoca,0,3497,0.0,3.497,3.497,0.0,VERMELHO (CAOS),VERMELHO
SP,BAURU,Mariápolis,0,3526,0.0,3.526,3.526,0.0,VERMELHO (CAOS),VERMELHO
SP,SOROCABA,Bom Sucesso de Itararé,0,3609,0.0,3.609,3.609,0.0,VERMELHO (CAOS),VERMELHO
SP,VALE DO PARAIBA,Areias,0,3617,0.0,3.617,3.617,0.0,VERMELHO (CAOS),VERMELHO
SP,SOROCABA,Barão de Antonina,0,3632,0.0,3.632,3.632,0.0,VERMELHO (CAOS),VERMELHO
SP,BAURU,Inúbia Paulista,0,3671,0.0,3.671,3.671,0.0,VERMELHO (CAOS),VERMELHO
SP,BAURU,Sandovalina,0,3697,0.0,3.697,3.697,0.0,VERMELHO (CAOS),VERMELHO
SP,BAURU,Itaju,0,3715,0.0,3.715,3.715,0.0,VERMELHO (CAOS),VERMELHO
SP,BAURU,Caiabu,0,3726,0.0,3.726,3.726,0.0,VERMELHO (CAOS),VERMELHO
SP,ARACATUBA,Murutinga do Sul,0,3748,0.0,3.748,3.748,0.0,VERMELHO (CAOS),VERMELHO
SP,SOROCABA,Sarutaiá,0,3772,0.0,3.772,3.772,0.0,VERMELHO (CAOS),VERMELHO
SP,ARARAQUARA,Mombuca,0,3830,0.0,3.83,3.83,0.0,VERMELHO (CAOS),VERMELHO
SP,BAURU,Presidente Alves,0,3830,0.0,3.83,3.83,0.0,VERMELHO (CAOS),VERMELHO
SP,VALE DO PARAIBA,São José do Barreiro,0,3888,0.0,3.888,3.888,0.0,VERMELHO (CAOS),VERMELHO
SP,BAURU,Santópolis do Aguapeí,0,3921,0.0,3.921,3.921,0.0,VERMELHO (CAOS),VERMELHO
SP,BAURU,Balbinos,0,3969,0.0,3.969,3.969,0.0,VERMELHO (CAOS),VERMELHO
SP,ARACATUBA,Álvares Florence,0,3979,0.0,3.979,3.979,0.0,VERMELHO (CAOS),VERMELHO
SP,ARACATUBA,Rubinéia,0,3998,0.0,3.998,3.998,0.0,VERMELHO (CAOS),VERMELHO
SP,RIBEIRAO PRETO,Jeriquara,0,4000,0.0,4.0,4.0,0.0,VERMELHO (CAOS),VERMELHO
SP,ARACATUBA,Itapura,0,4002,0.0,4.002,4.002,0.0,VERMELHO (CAOS),VERMELHO
SP,BAURU,Lupércio,0,4004,0.0,4.004,4.004,0.0,VERMELHO (CAOS),VERMELHO
SP,BAURU,Florínea,0,4022,0.0,4.022,4.022,0.0,VERMELHO (CAOS),VERMELHO
SP,ARACATUBA,Macedônia,0,4058,0.0,4.058,4.058,0.0,VERMELHO (CAOS),VERMELHO
SP,ARARAQUARA,Motuca,0,4071,0.0,4.071,4.071,0.0,VERMELHO (CAOS),VERMELHO
SP,SOROCABA,Iporanga,0,4083,0.0,4.083,4.083,0.0,VERMELHO (CAOS),VERMELHO
SP,ARACATUBA,Paranapuã,0,4118,0.0,4.118,4.118,0.0,VERMELHO (CAOS),VERMELHO
SP,BAURU,Anhumas,0,4118,0.0,4.118,4.118,0.0,VERMELHO (CAOS),VERMELHO
SP,SOROCABA,Tejupá,0,4119,0.0,4.119,4.119,0.0,VERMELHO (CAOS),VERMELHO
SP,BAURU,Glicério,0,4158,0.0,4.158,4.158,0.0,VERMELHO (CAOS),VERMELHO
SP,RIBEIRAO PRETO,Rifaina,0,4179,0.0,4.179,4.179,0.0,VERMELHO (CAOS),VERMELHO
SP,ARACATUBA,Pontalinda,0,4198,0.0,4.198,4.198,0.0,VERMELHO (CAOS),VERMELHO
SP,VALE DO PARAIBA,Monteiro Lobato,0,4205,0.0,4.205,4.205,0.0,VERMELHO (CAOS),VERMELHO
SP,BAURU,Espírito Santo do Turvo,0,4214,0.0,4.214,4.214,0.0,VERMELHO (CAOS),VERMELHO
SP,ARACATUBA,Guzolândia,0,4259,0.0,4.259,4.259,0.0,VERMELHO (CAOS),VERMELHO
SP,BAURU,Júlio Mesquita,0,4302,0.0,4.302,4.302,0.0,VERMELHO (CAOS),VERMELHO
SP,BAURU,Monte Castelo,0,4306,0.0,4.306,4.306,0.0,VERMELHO (CAOS),VERMELHO
SP,BAURU,Cabrália Paulista,0,4360,0.0,4.36,4.36,0.0,VERMELHO (CAOS),VERMELHO
SP,ARARAQUARA,Santa Cruz da Conceição,0,4375,0.0,4.375,4.375,0.0,VERMELHO (CAOS),VERMELHO
SP,BAURU,Ocauçu,0,4418,0.0,4.418,4.418,0.0,VERMELHO (CAOS),VERMELHO
SP,SOROCABA,Itapirapuã Paulista,0,4420,0.0,4.42,4.42,0.0,VERMELHO (CAOS),VERMELHO
SP,ARACATUBA,Planalto,0,4451,0.0,4.451,4.451,0.0,VERMELHO (CAOS),VERMELHO
SP,RIBEIRAO PRETO,Buritizal,0,4458,0.0,4.458,4.458,0.0,VERMELHO (CAOS),VERMELHO
SP,ARACATUBA,Novais,0,4463,0.0,4.463,4.463,0.0,VERMELHO (CAOS),VERMELHO
SP,BAURU,João Ramalho,0,4464,0.0,4.464,4.464,0.0,VERMELHO (CAOS),VERMELHO
SP,BAURU,Avaí,0,4503,0.0,4.503,4.503,0.0,VERMELHO (CAOS),VERMELHO
SP,ARACATUBA,Adolfo,0,4505,0.0,4.505,4.505,0.0,VERMELHO (CAOS),VERMELHO
SP,BAURU,Alfredo Marcondes,0,4574,0.0,4.574,4.574,0.0,VERMELHO (CAOS),VERMELHO
SP,BAURU,Marabá Paulista,0,4619,0.0,4.619,4.619,0.0,VERMELHO (CAOS),VERMELHO
SP,VALE DO PARAIBA,Redenção da Serra,0,4637,0.0,4.637,4.637,0.0,VERMELHO (CAOS),VERMELHO
SP,ARARAQUARA,Analândia,0,4694,0.0,4.694,4.694,0.0,VERMELHO (CAOS),VERMELHO
SP,RIBEIRAO PRETO,Ribeirão Corrente,0,4717,0.0,4.717,4.717,0.0,VERMELHO (CAOS),VERMELHO
SP,ARACATUBA,Meridiano,0,4721,0.0,4.721,4.721,0.0,VERMELHO (CAOS),VERMELHO
SP,BAURU,Luiziânia,0,4740,0.0,4.74,4.74,0.0,VERMELHO (CAOS),VERMELHO
SP,BAURU,Ribeirão do Sul,0,4776,0.0,4.776,4.776,0.0,VERMELHO (CAOS),VERMELHO
SP,ARACATUBA,Mirassolândia,0,4783,0.0,4.783,4.783,0.0,VERMELHO (CAOS),VERMELHO
SP,ARARAQUARA,Gavião Peixoto,0,4806,0.0,4.806,4.806,0.0,VERMELHO (CAOS),VERMELHO
SP,Litoral,Boracéia,0,4838,0.0,4.838,4.838,0.0,VERMELHO (CAOS),VERMELHO
SP,ARACATUBA,Nova Independência,0,4847,0.0,4.847,4.847,0.0,VERMELHO (CAOS),VERMELHO
SP,ARACATUBA,Nipoã,0,4876,0.0,4.876,4.876,0.0,VERMELHO (CAOS),VERMELHO
SP,BAURU,Salmourão,0,4883,0.0,4.883,4.883,0.0,VERMELHO (CAOS),VERMELHO
SP,BAURU,Álvaro de Carvalho,0,4901,0.0,4.901,4.901,0.0,VERMELHO (CAOS),VERMELHO
SP,ARACATUBA,Onda Verde,0,4942,0.0,4.942,4.942,0.0,VERMELHO (CAOS),VERMELHO
SP,BAURU,Campos Novos Paulista,0,5003,0.0,5.003,5.003,0.0,VERMELHO (CAOS),VERMELHO
SP,VALE DO PARAIBA,Canas,0,5068,0.0,5.068,5.068,0.0,VERMELHO (CAOS),VERMELHO
SP,SOROCABA,Eldorado,8,13109,1638.625,13.109,5.109,0.004882142039819971,LARANJA (CRITICO),LARANJA
SP,BAURU,Sabino,0,5182,0.0,5.182,5.182,0.0,VERMELHO (CAOS),VERMELHO
SP,VALE DO PARAIBA,Lagoinha,0,5183,0.0,5.183,5.183,0.0,VERMELHO (CAOS),VERMELHO
SP,BAURU,Indiana,0,5200,0.0,5.2,5.2,0.0,VERMELHO (CAOS),VERMELHO
SP,SOROCABA,Barra do Chapéu,0,5254,0.0,5.254,5.254,0.0,VERMELHO (CAOS),VERMELHO
SP,BAURU,Pratânia,0,5264,0.0,5.264,5.264,0.0,VERMELHO (CAOS),VERMELHO
SP,BAURU,Ubirajara,0,5289,0.0,5.289,5.289,0.0,VERMELHO (CAOS),VERMELHO
SP,ARACATUBA,Ubarana,0,5458,0.0,5.458,5.458,0.0,VERMELHO (CAOS),VERMELHO
SP,ARACATUBA,Braúna,0,5477,0.0,5.477,5.477,0.0,VERMELHO (CAOS),VERMELHO
SP,BAURU,Coroados,0,5504,0.0,5.504,5.504,0.0,VERMELHO (CAOS),VERMELHO
SP,RIBEIRAO PRETO,Aramina,0,5535,0.0,5.535,5.535,0.0,VERMELHO (CAOS),VERMELHO
SP,BAURU,Caiuá,0,5599,0.0,5.599,5.599,0.0,VERMELHO (CAOS),VERMELHO
SP,BAURU,Guaimbê,0,5609,0.0,5.609,5.609,0.0,VERMELHO (CAOS),VERMELHO
SP,ARACATUBA,Barbosa,0,5627,0.0,5.627,5.627,0.0,VERMELHO (CAOS),VERMELHO
SP,SOROCABA,Riversul,0,5628,0.0,5.628,5.628,0.0,VERMELHO (CAOS),VERMELHO
SP,BAURU,Piacatu,0,5631,0.0,5.631,5.631,0.0,VERMELHO (CAOS),VERMELHO
SP,ARACATUBA,Poloni,0,5702,0.0,5.702,5.702,0.0,VERMELHO (CAOS),VERMELHO
SP,ARARAQUARA,Taiaçu,0,5744,0.0,5.744,5.744,0.0,VERMELHO (CAOS),VERMELHO
SP,SOROCABA,Anhembi,0,5766,0.0,5.766,5.766,0.0,VERMELHO (CAOS),VERMELHO
SP,RIBEIRAO PRETO,Itirapuã,0,5857,0.0,5.857,5.857,0.0,VERMELHO (CAOS),VERMELHO
SP,BAURU,Narandiba,0,5956,0.0,5.956,5.956,0.0,VERMELHO (CAOS),VERMELHO
SP,ARACATUBA,Américo de Campos,0,5981,0.0,5.981,5.981,0.0,VERMELHO (CAOS),VERMELHO
SP,RIBEIRAO PRETO,Fernando Prestes,0,6080,0.0,6.08,6.08,0.0,VERMELHO (CAOS),VERMELHO
SP,SOROCABA,Campina do Monte Alegre,0,6090,0.0,6.09,6.09,0.0,VERMELHO (CAOS),VERMELHO
SP,ARACATUBA,Orindiúva,0,6157,0.0,6.157,6.157,0.0,VERMELHO (CAOS),VERMELHO
SP,BAURU,Oriente,0,6180,0.0,6.18,6.18,0.0,VERMELHO (CAOS),VERMELHO
SP,BAURU,Iacri,0,6197,0.0,6.197,6.197,0.0,VERMELHO (CAOS),VERMELHO
SP,ARACATUBA,Paraíso,0,6218,0.0,6.218,6.218,0.0,VERMELHO (CAOS),VERMELHO
SP,CAMPINAS,Santo Antônio do Jardim,0,6243,0.0,6.243,6.243,0.0,VERMELHO (CAOS),VERMELHO
SP,ARARAQUARA,Santa Ernestina,0,6274,0.0,6.274,6.274,0.0,VERMELHO (CAOS),VERMELHO
SP,BAURU,Echaporã,0,6291,0.0,6.291,6.291,0.0,VERMELHO (CAOS),VERMELHO
SP,SOROCABA,Alambari,0,6373,0.0,6.373,6.373,0.0,VERMELHO (CAOS),VERMELHO
SP,BAURU,Taciba,0,6418,0.0,6.418,6.418,0.0,VERMELHO (CAOS),VERMELHO
SP,ARACATUBA,Mendonça,0,6420,0.0,6.42,6.42,0.0,VERMELHO (CAOS),VERMELHO
SP,BAURU,Ibirarema,0,6450,0.0,6.45,6.45,0.0,VERMELHO (CAOS),VERMELHO
SP,RIBEIRAO PRETO,Restinga,0,6486,0.0,6.486,6.486,0.0,VERMELHO (CAOS),VERMELHO
SP,ARACATUBA,Guarantã,0,6532,0.0,6.532,6.532,0.0,VERMELHO (CAOS),VERMELHO
SP,ARACATUBA,Santa Albertina,0,6566,0.0,6.566,6.566,0.0,VERMELHO (CAOS),VERMELHO
SP,SOROCABA,Canitar,0,6589,0.0,6.589,6.589,0.0,VERMELHO (CAOS),VERMELHO
SP,VALE DO PARAIBA,Jambeiro,0,6611,0.0,6.611,6.611,0.0,VERMELHO (CAOS),VERMELHO
SP,BAURU,Tarabai,0,6633,0.0,6.633,6.633,0.0,VERMELHO (CAOS),VERMELHO
SP,ARACATUBA,Sales,0,6645,0.0,6.645,6.645,0.0,VERMELHO (CAOS),VERMELHO
SP,CAMPINAS,Pedra Bela,0,6745,0.0,6.745,6.745,0.0,VERMELHO (CAOS),VERMELHO
SP,ARARAQUARA,Taiúva,0,6770,0.0,6.77,6.77,0.0,VERMELHO (CAOS),VERMELHO
SP,ARACATUBA,Nova Aliança,0,6885,0.0,6.885,6.885,0.0,VERMELHO (CAOS),VERMELHO
SP,SOROCABA,Barra do Turvo,0,6894,0.0,6.894,6.894,0.0,VERMELHO (CAOS),VERMELHO
SP,ARACATUBA,Irapuã,0,6932,0.0,6.932,6.932,0.0,VERMELHO (CAOS),VERMELHO
SP,CAMPINAS,Tuiuti,0,6976,0.0,6.976,6.976,0.0,VERMELHO (CAOS),VERMELHO
SP,ARARAQUARA,Ipeúna,0,7027,0.0,7.027,7.027,0.0,VERMELHO (CAOS),VERMELHO
SP,ARACATUBA,Três Fronteiras,0,7060,0.0,7.06,7.06,0.0,VERMELHO (CAOS),VERMELHO
SP,ARACATUBA,Catiguá,0,7101,0.0,7.101,7.101,0.0,VERMELHO (CAOS),VERMELHO
SP,ARACATUBA,Ipiguá,0,7115,0.0,7.115,7.115,0.0,VERMELHO (CAOS),VERMELHO
SP,BAURU,Irapuru,0,7120,0.0,7.12,7.12,0.0,VERMELHO (CAOS),VERMELHO
SP,VALE DO PARAIBA,Natividade da Serra,0,7155,0.0,7.155,7.155,0.0,VERMELHO (CAOS),VERMELHO
SP,CAMPINAS,Lindóia,0,7158,0.0,7.158,7.158,0.0,VERMELHO (CAOS),VERMELHO
SP,BAURU,Quintana,0,7260,0.0,7.26,7.26,0.0,VERMELHO (CAOS),VERMELHO
SP,VALE DO PARAIBA,Santo Antônio do Pinhal,0,7314,0.0,7.314,7.314,0.0,VERMELHO (CAOS),VERMELHO
SP,BAURU,São Pedro do Turvo,0,7333,0.0,7.333,7.333,0.0,VERMELHO (CAOS),VERMELHO
SP,VALE DO PARAIBA,Lavrinhas,0,7348,0.0,7.348,7.348,0.0,VERMELHO (CAOS),VERMELHO
SP,SOROCABA,Pardinho,0,7435,0.0,7.435,7.435,0.0,VERMELHO (CAOS),VERMELHO
SP,SOROCABA,Águas de Santa Bárbara,0,7460,0.0,7.46,7.46,0.0,VERMELHO (CAOS),VERMELHO
SP,CAMPINAS,Águas da Prata,0,7463,0.0,7.463,7.463,0.0,VERMELHO (CAOS),VERMELHO
SP,RIBEIRAO PRETO,Guatapará,0,7474,0.0,7.474,7.474,0.0,VERMELHO (CAOS),VERMELHO
SP,RIBEIRAO PRETO,Nuporanga,0,7570,0.0,7.57,7.57,0.0,VERMELHO (CAOS),VERMELHO
SP,SOROCABA,Ribeirão Grande,0,7571,0.0,7.571,7.571,0.0,VERMELHO (CAOS),VERMELHO
SP,ARACATUBA,Ariranha,0,7621,0.0,7.621,7.621,0.0,VERMELHO (CAOS),VERMELHO
SP,RIBEIRAO PRETO,São José da Bela Vista,0,7664,0.0,7.664,7.664,0.0,VERMELHO (CAOS),VERMELHO
SP,BAURU,Reginópolis,0,7820,0.0,7.82,7.82,0.0,VERMELHO (CAOS),VERMELHO
SP,BAURU,Euclides da Cunha Paulista,0,7883,0.0,7.883,7.883,0.0,VERMELHO (CAOS),VERMELHO
SP,BAURU,Ouro Verde,0,7900,0.0,7.9,7.9,0.0,VERMELHO (CAOS),VERMELHO
SP,ARACATUBA,Icém,0,7982,0.0,7.982,7.982,0.0,VERMELHO (CAOS),VERMELHO
SP,SOROCABA,Tapiraí,0,8122,0.0,8.122,8.122,0.0,VERMELHO (CAOS),VERMELHO
SP,ARARAQUARA,Itobi,0,8227,0.0,8.227,8.227,0.0,VERMELHO (CAOS),VERMELHO
SP,BAURU,Paulicéia,0,8255,0.0,8.255,8.255,0.0,VERMELHO (CAOS),VERMELHO
SP,SOROCABA,Iaras,0,8313,0.0,8.313,8.313,0.0,VERMELHO (CAOS),VERMELHO
SP,ARACATUBA,Vista Alegre do Alto,0,8368,0.0,8.368,8.368,0.0,VERMELHO (CAOS),VERMELHO
SP,ARARAQUARA,Saltinho,0,8407,0.0,8.407,8.407,0.0,VERMELHO (CAOS),VERMELHO
SP,ARACATUBA,Santo Antônio do Aracanguá,0,8593,0.0,8.593,8.593,0.0,VERMELHO (CAOS),VERMELHO
SP,SOROCABA,Nova Campina,0,8630,0.0,8.63,8.63,0.0,VERMELHO (CAOS),VERMELHO
SP,CAMPINAS,Monte Alegre do Sul,0,8923,0.0,8.923,8.923,0.0,VERMELHO (CAOS),VERMELHO
SP,ARARAQUARA,Dobrada,0,8986,0.0,8.986,8.986,0.0,VERMELHO (CAOS),VERMELHO
SP,SOROCABA,Pereiras,0,9013,0.0,9.013,9.013,0.0,VERMELHO (CAOS),VERMELHO
SP,ARACATUBA,Cosmorama,0,9019,0.0,9.019,9.019,0.0,VERMELHO (CAOS),VERMELHO
SP,ARARAQUARA,Rincão,0,9101,0.0,9.101,9.101,0.0,VERMELHO (CAOS),VERMELHO
SP,CAMPINAS,Rafard,0,9145,0.0,9.145,9.145,0.0,VERMELHO (CAOS),VERMELHO
SP,RIBEIRAO PRETO,Cristais Paulista,0,9600,0.0,9.6,9.6,0.0,VERMELHO (CAOS),VERMELHO
SP,ARACATUBA,Palmares Paulista,0,9666,0.0,9.666,9.666,0.0,VERMELHO (CAOS),VERMELHO
SP,RIBEIRAO PRETO,Dumont,0,9764,0.0,9.764,9.764,0.0,VERMELHO (CAOS),VERMELHO
SP,ARACATUBA,Bálsamo,0,9902,0.0,9.902,9.902,0.0,VERMELHO (CAOS),VERMELHO
SP,ARACATUBA,Lavínia,0,9940,0.0,9.94,9.94,0.0,VERMELHO (CAOS),VERMELHO
SP,BAURU,Manduri,0,10122,0.0,10.122,10.122,0.0,VERMELHO (CAOS),VERMELHO
SP,BAURU,Areiópolis,0,10242,0.0,10.242,10.242,0.0,VERMELHO (CAOS),VERMELHO
SP,BAURU,Vera Cruz,0,10274,0.0,10.274,10.274,0.0,VERMELHO (CAOS),VERMELHO
SP,ARACATUBA,Guaraci,0,10554,0.0,10.554,10.554,0.0,VERMELHO (CAOS),VERMELHO
SP,SOROCABA,Sarapuí,0,10677,0.0,10.677,10.677,0.0,VERMELHO (CAOS),VERMELHO
SP,SOROCABA,Bofete,0,10710,0.0,10.71,10.71,0.0,VERMELHO (CAOS),VERMELHO
SP,SOROCABA,Porangaba,0,10850,0.0,10.85,10.85,0.0,VERMELHO (CAOS),VERMELHO
SP,CAMPINAS,Vargem,0,10863,0.0,10.863,10.863,0.0,VERMELHO (CAOS),VERMELHO
SP,ARACATUBA,Avanhandava,0,11436,0.0,11.436,11.436,0.0,VERMELHO (CAOS),VERMELHO
SP,BAURU,Guaiçara,0,11478,0.0,11.478,11.478,0.0,VERMELHO (CAOS),VERMELHO
SP,CAMPINAS,Estiva Gerbi,0,11609,0.0,11.609,11.609,0.0,VERMELHO (CAOS),VERMELHO
SP,BAURU,Palestina,0,11704,0.0,11.704,11.704,0.0,VERMELHO (CAOS),VERMELHO
SP,Litoral,Cananéia,0,12491,0.0,12.491,12.491,0.0,VERMELHO (CAOS),VERMELHO
SP,VALE DO PARAIBA,Piquete,0,12516,0.0,12.516,12.516,0.0,VERMELHO (CAOS),VERMELHO
SP,RIBEIRAO PRETO,Luís Antônio,0,12564,0.0,12.564,12.564,0.0,VERMELHO (CAOS),VERMELHO
SP,SOROCABA,Sete Barras,0,12903,0.0,12.903,12.903,0.0,VERMELHO (CAOS),VERMELHO
SP,RIBEIRAO PRETO,Serra Azul,0,13108,0.0,13.108,13.108,0.0,VERMELHO (CAOS),VERMELHO
SP,BAURU,Quatá,0,13412,0.0,13.412,13.412,0.0,VERMELHO (CAOS),VERMELHO
SP,Litoral,Ilha Comprida,0,14104,0.0,14.104,14.104,0.0,VERMELHO (CAOS),VERMELHO
SP,VALE DO PARAIBA,Santa Branca,0,14219,0.0,14.219,14.219,0.0,VERMELHO (CAOS),VERMELHO
SP,ARACATUBA,Valentim Gentil,0,14634,0.0,14.634,14.634,0.0,VERMELHO (CAOS),VERMELHO
SP,ARACATUBA,Severínia,0,14693,0.0,14.693,14.693,0.0,VERMELHO (CAOS),VERMELHO
SP,ARACATUBA,Pindorama,0,14704,0.0,14.704,14.704,0.0,VERMELHO (CAOS),VERMELHO
SP,BAURU,Panorama,0,15227,0.0,15.227,15.227,0.0,VERMELHO (CAOS),VERMELHO
SP,BAURU,Pacaembu,0,15273,0.0,15.273,15.273,0.0,VERMELHO (CAOS),VERMELHO
SP,SOROCABA,Guareí,0,15285,0.0,15.285,15.285,0.0,VERMELHO (CAOS),VERMELHO
SP,BAURU,Tarumã,0,15315,0.0,15.315,15.315,0.0,VERMELHO (CAOS),VERMELHO
SP,CAMPINAS,Pinhalzinho,0,15676,0.0,15.676,15.676,0.0,VERMELHO (CAOS),VERMELHO
SP,CAMPINAS,Holambra,0,15718,0.0,15.718,15.718,0.0,VERMELHO (CAOS),VERMELHO
SP,Litoral,Itariri,0,15916,0.0,15.916,15.916,0.0,VERMELHO (CAOS),VERMELHO
SP,SOROCABA,Jacupiranga,0,16216,0.0,16.216,16.216,0.0,VERMELHO (CAOS),VERMELHO
SP,METROPOLITANA,São Lourenço da Serra,0,16479,0.0,16.479,16.479,0.0,VERMELHO (CAOS),VERMELHO
SP,SOROCABA,Juquiá,0,17184,0.0,17.184,17.184,0.0,VERMELHO (CAOS),VERMELHO
SP,RIBEIRAO PRETO,Pradópolis,0,17299,0.0,17.299,17.299,0.0,VERMELHO (CAOS),VERMELHO
SP,SOROCABA,Alumínio,0,17607,0.0,17.607,17.607,0.0,VERMELHO (CAOS),VERMELHO
SP,VALE DO PARAIBA,Paraibuna,0,17959,0.0,17.959,17.959,0.0,VERMELHO (CAOS),VERMELHO
SP,SOROCABA,Miracatu,0,18610,0.0,18.61,18.61,0.0,VERMELHO (CAOS),VERMELHO
SP,METROPOLITANA,Pirapora do Bom Jesus,0,18925,0.0,18.925,18.925,0.0,VERMELHO (CAOS),VERMELHO
SP,CAMPINAS,Engenheiro Coelho,0,20261,0.0,20.261,20.261,0.0,VERMELHO (CAOS),VERMELHO
SP,SOROCABA,Buri,0,20731,0.0,20.731,20.731,0.0,VERMELHO (CAOS),VERMELHO
SP,VALE DO PARAIBA,Potim,0,20801,0.0,20.801,20.801,0.0,VERMELHO (CAOS),VERMELHO
SP,SOROCABA,Araçariguama,0,22314,0.0,22.314,22.314,0.0,VERMELHO (CAOS),VERMELHO
SP,ARACATUBA,Guapiaçu,0,22445,0.0,22.445,22.445,0.0,VERMELHO (CAOS),VERMELHO
SP,ARARAQUARA,Santa Gertrudes,0,23192,0.0,23.192,23.192,0.0,VERMELHO (CAOS),VERMELHO
SP,BAURU,Igaraçu do Tietê,0,23421,0.0,23.421,23.421,0.0,VERMELHO (CAOS),VERMELHO
SP,CAMPINAS,Santo Antônio de Posse,0,23867,0.0,23.867,23.867,0.0,VERMELHO (CAOS),VERMELHO
SP,CAMPINAS,Cordeirópolis,0,25286,0.0,25.286,25.286,0.0,VERMELHO (CAOS),VERMELHO
SP,BAURU,Pirapozinho,0,26097,0.0,26.097,26.097,0.0,VERMELHO (CAOS),VERMELHO
SP,RIBEIRAO PRETO,Brodowski,0,26314,0.0,26.314,26.314,0.0,VERMELHO (CAOS),VERMELHO
SP,METROPOLITANA,Juquitiba,0,27969,0.0,27.969,27.969,0.0,VERMELHO (CAOS),VERMELHO
SP,SOROCABA,Cajati,0,29262,0.0,29.262,29.262,0.0,VERMELHO (CAOS),VERMELHO
SP,ARACATUBA,Bady Bassitt,0,29346,0.0,29.346,29.346,0.0,VERMELHO (CAOS),VERMELHO
SP,Litoral,Iguape,0,29891,0.0,29.891,29.891,0.0,VERMELHO (CAOS),VERMELHO
SP,METROPOLITANA,Rio Grande da Serra,0,45324,0.0,45.324,45.324,0.0,VERMELHO (CAOS),VERMELHO
SP,RIBEIRAO PRETO,Jardinópolis,0,47125,0.0,47.125,47.125,0.0,VERMELHO (CAOS),VERMELHO
SP,SOROCABA,Mairinque,0,51888,0.0,51.888,51.888,0.0,VERMELHO (CAOS),VERMELHO
SP,METROPOLITANA,Poá,0,106355,0.0,106.355,106.355,0.0,VERMELHO (CAOS),VERMELHO
SP,METROPOLITANA,Jandira,0,121550,0.0,121.55,121.55,0.0,VERMELHO (CAOS),VERMELHO
